{
  "raw/material_collection_plan.md": 1777658073.4591832,
  "raw/arxiv_1411_0247.md": 1777660427.664383,
  "raw/arxiv_1909_01311.md": 1777660541.7470984,
  "raw/arxiv_1602_05179.md": 1777660425.9071267,
  "raw/arxiv_1609_01596.md": 1777660426.7643876,
  "raw/arxiv_2212_13345.md": 1777660424.4213042,
  "raw/arxiv_1510_05067.md": 1777660458.3057244,
  "raw/arxiv_2202_08587.md": 1777660425.3917668,
  "raw/arxiv_2204_01723.md": 1777660669.6870217,
  "raw/arxiv_2105_05956.md": 1777660609.2956817,
  "raw/arxiv_1703_03864.md": 1777660423.5849276,
  "raw/arxiv_1904_05391.md": 1777660457.7526717,
  "raw/arxiv_2511_16652.md": 1777660540.8316076,
  "raw/arxiv_1906_03138.md": 1777660668.9030006,
  "raw/arxiv_2405_05141.md": 1777660639.8837268,
  "raw/arxiv_2310_00965.md": 1777660609.775816,
  "raw/arxiv_2106_01288.md": 1777660607.9641135,
  "raw/arxiv_1502_04156.md": 1777660428.5504172,
  "raw/arxiv_1106_4487.md": 1777660540.3356712
}